Região,Total de vendas
Others,788.9099999998845
North_America,4327.650000000327
Japan,1284.2699999999031
Europe,2406.690000000536
